<?xml version="1.0" encoding="UTF-8"?>
<project-private xmlns="http://www.netbeans.org/ns/project-private/1">
    <editor-bookmarks xmlns="http://www.netbeans.org/ns/editor-bookmarks/2" lastBookmarkId="0"/>
    <open-files xmlns="http://www.netbeans.org/ns/projectui-open-files/2">
        <group>
            <file>file:/D:/xampp/htdocs/AplikasiPenjualanBuku/src/aplikasiBuku/Penjualan.java</file>
            <file>file:/D:/xampp/htdocs/AplikasiPenjualanBuku/src/aplikasiBuku/FormUtama.java</file>
            <file>file:/D:/xampp/htdocs/AplikasiPenjualanBuku/src/aplikasiBuku/FormBuku.java</file>
            <file>file:/D:/xampp/htdocs/AplikasiPenjualanBuku/src/aplikasiBuku/FormPenjualan.java</file>
            <file>file:/D:/xampp/htdocs/AplikasiPenjualanBuku/src/Report/reportPelanggan.jasper</file>
            <file>file:/D:/xampp/htdocs/AplikasiPenjualanBuku/src/Report/reportPelanggan.jrxml</file>
            <file>file:/D:/xampp/htdocs/AplikasiPenjualanBuku/src/Report/reportPenjualan.jrxml</file>
            <file>file:/D:/xampp/htdocs/AplikasiPenjualanBuku/src/aplikasiBuku/FormPelanggan.java</file>
        </group>
    </open-files>
</project-private>
